<?xml version="1.0"?>
<config>
    <acl>
        <resources>
            <admin>
                <children>
                    <system>
                        <children>
                            <config>
                                <children>
                                    <cancel_order_notification translate="title" module="order">
                                        <title>Cancel Order Notification Section</title>
                                        <sort_order>3</sort_order>
                                    </cancel_order_notification>
                                </children>
                            </config>
                        </children>
                    </system>
                </children>
            </admin>
        </resources>
    </acl>
</config>